{
  "records": [
    {
      "description": "SF Full-time",
      "country": "United States",
      "countryCode": "840",
      "cities": ["San Francisco"],
      "period": "September 26, 2022 → August 2, 2025"
    },
    {
      "description": "EPFL Master Thesis",
      "country": "Switzerland",
      "countryCode": "756",
      "cities": ["Lausanne"],
      "period": "March 14, 2022 → July 16, 2022"
    },
    {
      "description": "Tesla Internship",
      "country": "United States",
      "countryCode": "840",
      "cities": ["Mountain View", "Palo Alto"],
      "period": "August 22, 2021 → March 13, 2022"
    },
    {
      "description": "Grenoble Covid EPFL MA3 end",
      "country": "France",
      "countryCode": "250",
      "cities": ["Saint-Ismier"],
      "period": "May 29, 2021 → August 21, 2021"
    },
    {
      "description": "Houston Covid EPFL MA3",
      "country": "United States",
      "countryCode": "840",
      "cities": ["Houston"],
      "period": "March 5, 2021 → May 28, 2021"
    },
    {
      "description": "Grenoble Covid EPFL MA2, Amazon internship",
      "country": "France",
      "countryCode": "250",
      "cities": ["Saint-Ismier"],
      "period": "March 12, 2020 → March 5, 2021"
    },
    {
      "description": "Lausanne EPFL MA1",
      "country": "Switzerland",
      "countryCode": "756",
      "cities": ["Lausanne", "Saint-Sulpice"],
      "period": "September 20, 2019 → March 12, 2020"
    },
    {
      "description": "NYC Inpher Internship",
      "country": "United States",
      "countryCode": "840",
      "cities": ["New York"],
      "period": "June 7, 2019 → September 10, 2019"
    },
    {
      "description": "Hong Kong HKUST exchange program",
      "country": "China",
      "countryCode": "156",
      "cities": ["Hong Kong"],
      "period": "August 20, 2018 → June 5, 2019"
    },
    {
      "description": "Lausanne EPFL Y1 & 2",
      "country": "Switzerland",
      "countryCode": "756",
      "cities": ["Lausanne", "Saint-Sulpice"],
      "period": "September 20, 2016 → July 30, 2018"
    },
    {
      "description": "Grenoble Growing Up",
      "country": "France",
      "countryCode": "250",
      "cities": ["Bernin", "Grenoble", "Saint-Ismier"],
      "period": "July 1, 2001 → July 31, 2016"
    },
    {
      "description": "Virginia Birth",
      "country": "United States",
      "countryCode": "840",
      "cities": ["McLean"],
      "period": "March 24, 1999 → June 30, 2001"
    }
  ]
}
